asin,badge,brand,crawled_at,description,image_url,price,product_id,rating,reviews,sales_rank,source,title,url
B0FG1THCD7,Amazon's Choice,Visit the Samsung Store,2026-01-29T10:51:27.840626,"Powerful where it counts and smart where it matters, Galaxy S25 FE is built to level up your everyday. From its vivid 6.7"" display to its long lasting battery and pro grade camera, Galaxy S25 FE is packed with all the features you want, upgraded.⁵¹Measured diagonally, the Galaxy S25 FE screen size is 6.7"" in the full rectangle. Actual viewable area is less due to the rounded corners. ²Requires Samsung account login and internet connection. Editing with Generative Edit results in a resized photo ",https://m.media-amazon.com/images/I/51Q0M3d7QdL._AC_UY218_.jpg,"CNY4,735..37",B0FG1THCD7,4.6,4,268,amazon,"Samsung Galaxy S25 FE Cell Phone (2025), 256GB AI Smartphone, Unlocked Android, Large Display, 4900mAh Battery, High Res-Camera, AI Photo Edits, Durable, US 1 Yr Warranty, JetBlack",https://www.amazon.com/Samsung-Smartphone-Unlocked-Res-Camera-Warranty/dp/B0FG1THCD7/ref=sr_1_1?dib=eyJ2IjoiMSJ9.4qwLDU-8J9D7EPt8AWZ6HQyecx0xcxZGLtZyHBXKnIRoaWC6Jp_y4Nd1Aol6pW4EYVKnLUWWyyyvhO_F0u-_I1HmIlxVaHoRtGep4aQMKEU3Darqe62EIjur0a3lO4nDfwJXKjCNrQUc5fjg5XrplZfbLP-vL8qSfZqkO-axs6Vgqy671c6SGttHYV3mHNpfZp3uXpZ3ged-I3s39RxZgfoGKIO3ukW-xcn0Ig5uShk.ZKi-V-trm89FRDk8vQkLKBuSSzde6s2lt737T6UBdBM&dib_tag=se&keywords=%E6%89%8B%E6%9C%BA&qid=1769655088&sr=8-1
B0DNRK51QQ,,Visit the Motorola Store,2026-01-29T10:51:27.855868,"Whether you’re watching a movie or capturing the moment, your stories matter. Make the most of them with the new moto g. Experience cinematic entertainment on a super-bright 6.7"" 120Hz display* backed by powerful stereo speakers with Bass Boost. Capture sharper photos and videos day or night with a 50MP** Quad Pixel camera system. Enjoy superfast 5G performance thanks to a fast processor and RAM Boost. Work and play all day with a 5000mAh battery, then get hours of power in just minutes with Tur",https://m.media-amazon.com/images/I/8160OiLlJEL._AC_UY218_.jpg,"CNY1,215..04",B0DNRK51QQ,4.3,1,255,amazon,Motorola Moto G - 2025 | Unlocked | Made for US 4/128GB | 50MP Camera | Forest Gray,https://www.amazon.com/Moto-Unlocked-128GB-Camera-Forest/dp/B0DNRK51QQ/ref=sr_1_2?dib=eyJ2IjoiMSJ9.4qwLDU-8J9D7EPt8AWZ6HQyecx0xcxZGLtZyHBXKnIRoaWC6Jp_y4Nd1Aol6pW4EYVKnLUWWyyyvhO_F0u-_I1HmIlxVaHoRtGep4aQMKEU3Darqe62EIjur0a3lO4nDfwJXKjCNrQUc5fjg5XrplZfbLP-vL8qSfZqkO-axs6Vgqy671c6SGttHYV3mHNpfZp3uXpZ3ged-I3s39RxZgfoGKIO3ukW-xcn0Ig5uShk.ZKi-V-trm89FRDk8vQkLKBuSSzde6s2lt737T6UBdBM&dib_tag=se&keywords=%E6%89%8B%E6%9C%BA&qid=1769655088&sr=8-2
B0CT6BQV81,,Visit the Motorola Store,2026-01-29T10:51:27.866393,"Give your favorite entertainment the upgrade it deserves with the new moto g power 5G. With a 6.7"" FHD+ 120Hz display, you’ll enjoy incredibly smooth, seamless views of games and websites.* Watch movies and shows in native Full HD+ without compromising quality. And feel immersive sound all around with Dolby Atmos and stereo speakers.** Wanna create your own content? Capture sharper photos with an unshakable camera system featuring OIS. There’s a massive battery with blazing-fast 30W TurboPower c",https://m.media-amazon.com/images/I/61c9OZyq2yL._AC_UY218_.jpg,CNY892..72,B0CT6BQV81,4.3,3,255,amazon,Motorola Moto G Power 5G | 2024 | Unlocked | Made for US 8/128GB | 50MP Camera | Midnight Blue,https://www.amazon.com/Power-Unlocked-128GB-Camera-Midnight/dp/B0CT6BQV81/ref=sr_1_3?dib=eyJ2IjoiMSJ9.4qwLDU-8J9D7EPt8AWZ6HQyecx0xcxZGLtZyHBXKnIRoaWC6Jp_y4Nd1Aol6pW4EYVKnLUWWyyyvhO_F0u-_I1HmIlxVaHoRtGep4aQMKEU3Darqe62EIjur0a3lO4nDfwJXKjCNrQUc5fjg5XrplZfbLP-vL8qSfZqkO-axs6Vgqy671c6SGttHYV3mHNpfZp3uXpZ3ged-I3s39RxZgfoGKIO3ukW-xcn0Ig5uShk.ZKi-V-trm89FRDk8vQkLKBuSSzde6s2lt737T6UBdBM&dib_tag=se&keywords=%E6%89%8B%E6%9C%BA&qid=1769655088&sr=8-3
B0FVG9C3D4,,Visit the MMY Store,2026-01-29T10:51:27.875711,,https://m.media-amazon.com/images/I/718SH8R-vrL._AC_UY218_.jpg,,B0FVG9C3D4,4.1,4,"61,404",amazon,"MMY 32+1TB Rugged Armor Unlocked Cell Phone,Smartphone 6.99"" HD 68+108MP Night Vision Photography 22000mAh AI Unlocked Phone,Face ID/Fingerprint Unlock/Underwater-Night-Photo/Dual SIM/5G/NFC(Gold-B)",https://www.amazon.com/MMY-Smartphone-Photography-Fingerprint-Underwater-Night-Photo/dp/B0FVG9C3D4/ref=sr_1_4?dib=eyJ2IjoiMSJ9.4qwLDU-8J9D7EPt8AWZ6HQyecx0xcxZGLtZyHBXKnIRoaWC6Jp_y4Nd1Aol6pW4EYVKnLUWWyyyvhO_F0u-_I1HmIlxVaHoRtGep4aQMKEU3Darqe62EIjur0a3lO4nDfwJXKjCNrQUc5fjg5XrplZfbLP-vL8qSfZqkO-axs6Vgqy671c6SGttHYV3mHNpfZp3uXpZ3ged-I3s39RxZgfoGKIO3ukW-xcn0Ig5uShk.ZKi-V-trm89FRDk8vQkLKBuSSzde6s2lt737T6UBdBM&dib_tag=se&keywords=%E6%89%8B%E6%9C%BA&qid=1769655088&sr=8-4
B0CP6DDN1H,,Visit the Motorola Store,2026-01-29T10:51:27.887289,"Give your favorite entertainment a big boost with the new moto g play - 2024. Featuring a Qualcomm® Snapdragon® 680 4G processor and 4GB**** of RAM, you have all the speed you need. Bring movies, games, and music to life on a fast-refreshing 6.5"" 90Hz* HD+ display along with stereo speakers and Dolby Atmos®. Capture sharp photos day or night with a fast-focusing 50MP*** camera and Quad Pixel technology. Enjoy 64GB**** of built-in storage for photos, movies, songs, and apps. And keep the fun goin",https://m.media-amazon.com/images/I/61xk4XNRktL._AC_UY218_.jpg,CNY930..35,B0CP6DDN1H,4.3,5,255,amazon,Motorola Moto G Play | 2024 | Unlocked | Made for US 4/64GB | 50MP Camera | Sapphire Blue,https://www.amazon.com/Moto-Play-Unlocked-Camera-Sapphire/dp/B0CP6DDN1H/ref=sr_1_5?dib=eyJ2IjoiMSJ9.4qwLDU-8J9D7EPt8AWZ6HQyecx0xcxZGLtZyHBXKnIRoaWC6Jp_y4Nd1Aol6pW4EYVKnLUWWyyyvhO_F0u-_I1HmIlxVaHoRtGep4aQMKEU3Darqe62EIjur0a3lO4nDfwJXKjCNrQUc5fjg5XrplZfbLP-vL8qSfZqkO-axs6Vgqy671c6SGttHYV3mHNpfZp3uXpZ3ged-I3s39RxZgfoGKIO3ukW-xcn0Ig5uShk.ZKi-V-trm89FRDk8vQkLKBuSSzde6s2lt737T6UBdBM&dib_tag=se&keywords=%E6%89%8B%E6%9C%BA&qid=1769655088&sr=8-5
B0F7K9LFCL,,Visit the Samsung Store,2026-01-29T10:51:27.897258,"Expand what’s possible with Galaxy Z Fold7, the foldable that’s designed to do so much more than before.The expanded 6.5"" cover display is made to feel like a traditional smartphone, making it more convenient to handle daily tasks— from text replies to checking the weather— without needing to unfold. For even more possibilities, open up the impressive 8"" screen to create, unwind, multitask and more.For the first time ever for a foldable, Z Fold7 boasts a 200MP camera with ProVisual Engine so you",https://m.media-amazon.com/images/I/41yEZrL-vjL._AC_UY218_.jpg,"CNY14,720..07",B0F7K9LFCL,4.5,200,"3,084",amazon,"Samsung Galaxy Z Fold7 Cell Phone, 512GB AI Smartphone, Unlocked Android, AI Photo Edits, Large Screen, Long Battery Life, 2025, US 1 Yr Manufacturer Warranty, JetBlack",https://www.amazon.com/Samsung-Smartphone-Unlocked-Manufacturer-Warranty/dp/B0F7K9LFCL/ref=sr_1_6?dib=eyJ2IjoiMSJ9.4qwLDU-8J9D7EPt8AWZ6HQyecx0xcxZGLtZyHBXKnIRoaWC6Jp_y4Nd1Aol6pW4EYVKnLUWWyyyvhO_F0u-_I1HmIlxVaHoRtGep4aQMKEU3Darqe62EIjur0a3lO4nDfwJXKjCNrQUc5fjg5XrplZfbLP-vL8qSfZqkO-axs6Vgqy671c6SGttHYV3mHNpfZp3uXpZ3ged-I3s39RxZgfoGKIO3ukW-xcn0Ig5uShk.ZKi-V-trm89FRDk8vQkLKBuSSzde6s2lt737T6UBdBM&dib_tag=se&keywords=%E6%89%8B%E6%9C%BA&qid=1769655088&sr=8-6
B08PP5MSVB,,Visit the Amazon Renewed Store,2026-01-29T10:51:27.908816,"Apple iPhone 12 comes with a 6.1-inch OLED display, 5nm Apple A14 Bionic processor, and a dual-camera setup with a large sensor. 5G and Face ID are also standard features along with True Tone support for adjusting the white balance to the ambient lighting, and wide color support for true-to-life colors. The iPhone 12 is available in six different colors: White, Black, , (PRODUCT)RED, Purple, Blue and Green.",https://m.media-amazon.com/images/I/51fYXSnSu9L._AC_UY218_.jpg,,B08PP5MSVB,4.1,2,290,amazon,"Apple iPhone 12 (Renewed), 64GB, Black - Fully Unlocked",https://www.amazon.com/Apple-iPhone-12-64GB-Black/dp/B08PP5MSVB/ref=sr_1_7?dib=eyJ2IjoiMSJ9.4qwLDU-8J9D7EPt8AWZ6HQyecx0xcxZGLtZyHBXKnIRoaWC6Jp_y4Nd1Aol6pW4EYVKnLUWWyyyvhO_F0u-_I1HmIlxVaHoRtGep4aQMKEU3Darqe62EIjur0a3lO4nDfwJXKjCNrQUc5fjg5XrplZfbLP-vL8qSfZqkO-axs6Vgqy671c6SGttHYV3mHNpfZp3uXpZ3ged-I3s39RxZgfoGKIO3ukW-xcn0Ig5uShk.ZKi-V-trm89FRDk8vQkLKBuSSzde6s2lt737T6UBdBM&dib_tag=se&keywords=%E6%89%8B%E6%9C%BA&qid=1769655088&sr=8-7
B0DWV55DXH,,Visit the Motorola Store,2026-01-29T10:51:27.918320,"Express every inspiration with the new moto g stylus. Capture your thoughts, navigate your day, and turn ideas into reality with the built-in stylus. Make a statement with a striking design featuring advanced water and drop protection*. And experience cinema-quality entertainment on a 6.7"" Super HD (1220p) display. Enjoy a Sony - LYTIA camera, ultrafast 68W TurboPower charging**, and tons of storage for your creations. Let your ideas flow with moto g stylus.",https://m.media-amazon.com/images/I/712YWK-GeVL._AC_UY218_.jpg,"CNY2,338..00",B0DWV55DXH,4.5,500,"1,457",amazon,Motorola Moto G Stylus - 2025 | Unlocked | Made for US 8/256GB | 50MP Camera | Pantone Gibraltar Sea,https://www.amazon.com/Motorola-Moto-Stylus-Unlocked-Gibraltar/dp/B0DWV55DXH/ref=sr_1_8?dib=eyJ2IjoiMSJ9.4qwLDU-8J9D7EPt8AWZ6HQyecx0xcxZGLtZyHBXKnIRoaWC6Jp_y4Nd1Aol6pW4EYVKnLUWWyyyvhO_F0u-_I1HmIlxVaHoRtGep4aQMKEU3Darqe62EIjur0a3lO4nDfwJXKjCNrQUc5fjg5XrplZfbLP-vL8qSfZqkO-axs6Vgqy671c6SGttHYV3mHNpfZp3uXpZ3ged-I3s39RxZgfoGKIO3ukW-xcn0Ig5uShk.ZKi-V-trm89FRDk8vQkLKBuSSzde6s2lt737T6UBdBM&dib_tag=se&keywords=%E6%89%8B%E6%9C%BA&qid=1769655088&sr=8-8
B0FSL35HBC,,BDWJW,2026-01-29T10:51:27.924221,,https://m.media-amazon.com/images/I/71e4bNPxvQL._AC_UY218_.jpg,,B0FSL35HBC,5.0,5,"29,224",amazon,"17PROMA X - 16GB+1TB Snapdragon8 Gen3 Android 15 5G Dual SIM 6.99"" 68+108MP 7000mAh Battery - High-Performance Smartphone with Unbeatable Value (Gray, 16+1TB)",https://www.amazon.com/BDWJW-17PROMA-Snapdragon8-High-Performance-Smartphone/dp/B0FSL35HBC/ref=sr_1_9?dib=eyJ2IjoiMSJ9.4qwLDU-8J9D7EPt8AWZ6HQyecx0xcxZGLtZyHBXKnIRoaWC6Jp_y4Nd1Aol6pW4EYVKnLUWWyyyvhO_F0u-_I1HmIlxVaHoRtGep4aQMKEU3Darqe62EIjur0a3lO4nDfwJXKjCNrQUc5fjg5XrplZfbLP-vL8qSfZqkO-axs6Vgqy671c6SGttHYV3mHNpfZp3uXpZ3ged-I3s39RxZgfoGKIO3ukW-xcn0Ig5uShk.ZKi-V-trm89FRDk8vQkLKBuSSzde6s2lt737T6UBdBM&dib_tag=se&keywords=%E6%89%8B%E6%9C%BA&qid=1769655088&sr=8-9
B0DT1KMCXP,,Visit the Samsung Store,2026-01-29T10:51:27.932519,"Please note, this device does not support E-SIM. This device is compatible with T-Mobile, Verizon, AT&T, and their MVNO's(Metro, Mint, Ultra, H2O, Visible, etc.). This device is NOT compatible with the following MVNO's: Cricket, Spectrum, and Xfinity. Please contact the seller for more information about carrier compatibility. A power adapter is NOT included. MVNO Customers: When you go to ""activate"" your IMEI, initially, you will be told the device is not compatible, locked, etc. You will need t",https://m.media-amazon.com/images/I/51u7UXKB8+L._AC_UY218_.jpg,"CNY1,277..60",B0DT1KMCXP,4.3,500,"4,292",amazon,"SAMSUNG Galaxy A16 5G Dual SIM (128GB, 2025) 6.7"" 90Hz AMOLED, Water Resistant, 8Core, 50MP Camera (Factory Unlocked International Model for GSM, Global) A166M/DS Blue Black",https://www.amazon.com/SAMSUNG-Resistant-Factory-Unlocked-International/dp/B0DT1KMCXP/ref=sr_1_10?dib=eyJ2IjoiMSJ9.4qwLDU-8J9D7EPt8AWZ6HQyecx0xcxZGLtZyHBXKnIRoaWC6Jp_y4Nd1Aol6pW4EYVKnLUWWyyyvhO_F0u-_I1HmIlxVaHoRtGep4aQMKEU3Darqe62EIjur0a3lO4nDfwJXKjCNrQUc5fjg5XrplZfbLP-vL8qSfZqkO-axs6Vgqy671c6SGttHYV3mHNpfZp3uXpZ3ged-I3s39RxZgfoGKIO3ukW-xcn0Ig5uShk.ZKi-V-trm89FRDk8vQkLKBuSSzde6s2lt737T6UBdBM&dib_tag=se&keywords=%E6%89%8B%E6%9C%BA&qid=1769655088&sr=8-10
B0DGPL4771,,Visit the NUU Store,2026-01-29T10:51:27.941924,,https://m.media-amazon.com/images/I/61gRDWYG1qL._AC_UY218_.jpg,CNY555..41,B0DGPL4771,4.0,100,"9,242",amazon,"NUU N10 Basic Cell Phone for T-Mobile, Mint, Metro, Qlink, Tello and More 4GB/128GB, Perfect for Teenagers, Dual SIM 4G, Octa-Core 6.6"" 90Hz HD+, Unlocked Phones Android Phone 15, US Warranty (Black)",https://www.amazon.com/NUU-T-Mobile-Teenagers-Octa-Core-Unlocked/dp/B0DGPL4771/ref=sr_1_11?dib=eyJ2IjoiMSJ9.4qwLDU-8J9D7EPt8AWZ6HQyecx0xcxZGLtZyHBXKnIRoaWC6Jp_y4Nd1Aol6pW4EYVKnLUWWyyyvhO_F0u-_I1HmIlxVaHoRtGep4aQMKEU3Darqe62EIjur0a3lO4nDfwJXKjCNrQUc5fjg5XrplZfbLP-vL8qSfZqkO-axs6Vgqy671c6SGttHYV3mHNpfZp3uXpZ3ged-I3s39RxZgfoGKIO3ukW-xcn0Ig5uShk.ZKi-V-trm89FRDk8vQkLKBuSSzde6s2lt737T6UBdBM&dib_tag=se&keywords=%E6%89%8B%E6%9C%BA&qid=1769655088&sr=8-11
B0FFTRPM4K,,Visit the Google Store,2026-01-29T10:51:27.962115,"Escape the ordinary - Google Pixel 10. It has Pixel’s most powerful chip, an incredible camera, and Gemini built in to supercharge your productivity and creativity.[1] The Google One Premium 2TB plan, Fitbit Premium, and YouTube Premium trial offers are available to eligible users of each service with the purchase and activation of Pixel 10. Offers expire at 11:59 pm PT on October 31, 2026. Valid form of payment required at sign-up, but you will not be charged the $9.99/mo for Google One, $9.99/",https://m.media-amazon.com/images/I/61aU1bmGyML._AC_UY218_.jpg,"CNY5,103..44",B0FFTRPM4K,4.5,100,"3,918",amazon,"Google Pixel 10 - Unlocked Android Smartphone - Gemini AI Assistant, Advanced Triple Rear Camera, Fast-Charging 24+ Hour Battery, and 6.3"" Actua Display - Indigo - 128 GB (2025 Model)",https://www.amazon.com/Google-Pixel-Smartphone-Assistant-Fast-Charging/dp/B0FFTRPM4K/ref=sr_1_12?dib=eyJ2IjoiMSJ9.4qwLDU-8J9D7EPt8AWZ6HQyecx0xcxZGLtZyHBXKnIRoaWC6Jp_y4Nd1Aol6pW4EYVKnLUWWyyyvhO_F0u-_I1HmIlxVaHoRtGep4aQMKEU3Darqe62EIjur0a3lO4nDfwJXKjCNrQUc5fjg5XrplZfbLP-vL8qSfZqkO-axs6Vgqy671c6SGttHYV3mHNpfZp3uXpZ3ged-I3s39RxZgfoGKIO3ukW-xcn0Ig5uShk.ZKi-V-trm89FRDk8vQkLKBuSSzde6s2lt737T6UBdBM&dib_tag=se&keywords=%E6%89%8B%E6%9C%BA&qid=1769655088&sr=8-12
B0FFTS7G7R,,Visit the Google Store,2026-01-29T10:51:27.980773,"Pixel 10 Pro XL is the ultimate Pixel experience, featuring unprecedented AI - Gemini, unbelievable camera quality, impeccable design, and the next-gen Google Tensor G5 chip.[1]",https://m.media-amazon.com/images/I/61OxyUOWVKL._AC_UY218_.jpg,"CNY6,512..97",B0FFTS7G7R,4.4,"6,512","3,464",amazon,"Google Pixel 10 Pro - Unlocked Android Smartphone - Gemini AI Assistant, Triple Rear Camera System, Fast-Charging 24+ Hour Battery, and 6.3"" Super Actua Display - Moonstone - 128 GB (2025 Model)",https://www.amazon.com/Google-Pixel-Pro-Smartphone-Fast-Charging/dp/B0FFTS7G7R/ref=sr_1_13?dib=eyJ2IjoiMSJ9.4qwLDU-8J9D7EPt8AWZ6HQyecx0xcxZGLtZyHBXKnIRoaWC6Jp_y4Nd1Aol6pW4EYVKnLUWWyyyvhO_F0u-_I1HmIlxVaHoRtGep4aQMKEU3Darqe62EIjur0a3lO4nDfwJXKjCNrQUc5fjg5XrplZfbLP-vL8qSfZqkO-axs6Vgqy671c6SGttHYV3mHNpfZp3uXpZ3ged-I3s39RxZgfoGKIO3ukW-xcn0Ig5uShk.ZKi-V-trm89FRDk8vQkLKBuSSzde6s2lt737T6UBdBM&dib_tag=se&keywords=%E6%89%8B%E6%9C%BA&qid=1769655088&sr=8-13
B0D3JGGXBH,,Visit the Motorola Store,2026-01-29T10:51:27.991099,"Introducing motorola razr, now with a 2.4x larger*, fully functional external display. This massively useful 3.6"" screen lets you see more and do more—without even flipping open its iconic design. Featuring moto ai, you can interact, capture, and create in new ways and at multiple angles. Hold it naturally like a camcorder and record smooth videos on the move using the 50MP camera system with moto ai powered stabilization. Or flip open to experience an ultra-wide, beautifully immersive 6.9"" pOLE",https://m.media-amazon.com/images/I/61sMPPbqbLL._AC_UY218_.jpg,"CNY2,777..31",B0D3JGGXBH,4.2,100,"7,705",amazon,Motorola razr | 2024 | Unlocked | Made for US 8/256GB | 50MP Camera | Beach Sand,https://www.amazon.com/Motorola-Unlocked-256GB-Camera-Beach/dp/B0D3JGGXBH/ref=sr_1_14?dib=eyJ2IjoiMSJ9.4qwLDU-8J9D7EPt8AWZ6HQyecx0xcxZGLtZyHBXKnIRoaWC6Jp_y4Nd1Aol6pW4EYVKnLUWWyyyvhO_F0u-_I1HmIlxVaHoRtGep4aQMKEU3Darqe62EIjur0a3lO4nDfwJXKjCNrQUc5fjg5XrplZfbLP-vL8qSfZqkO-axs6Vgqy671c6SGttHYV3mHNpfZp3uXpZ3ged-I3s39RxZgfoGKIO3ukW-xcn0Ig5uShk.ZKi-V-trm89FRDk8vQkLKBuSSzde6s2lt737T6UBdBM&dib_tag=se&keywords=%E6%89%8B%E6%9C%BA&qid=1769655088&sr=8-14
B0D7HSJ7ZP,,Visit the Google Store,2026-01-29T10:51:28.008525,"Meet Pixel 9 Pro XL with Gemini. It has a sleek, stunning design, and it’s the most powerful Pixel yet. Take pro-level photos and videos with the triple camera system, and make expert edits. And it’s engineered by Google, so it gets the best of Google AI first.",https://m.media-amazon.com/images/I/71NRTIgZjXL._AC_UY218_.jpg,"CNY6,172..74",B0D7HSJ7ZP,4.4,"6,172","6,158",amazon,"Google Pixel 9 Pro XL - Unlocked Android Smartphone with Gemini, Triple Rear Camera System, 24-Hour Battery, and 6.8"" Super Actua Display - Obsidian - 128 GB",https://www.amazon.com/Google-Pixel-Pro-XL-Smartphone/dp/B0D7HSJ7ZP/ref=sr_1_15?dib=eyJ2IjoiMSJ9.4qwLDU-8J9D7EPt8AWZ6HQyecx0xcxZGLtZyHBXKnIRoaWC6Jp_y4Nd1Aol6pW4EYVKnLUWWyyyvhO_F0u-_I1HmIlxVaHoRtGep4aQMKEU3Darqe62EIjur0a3lO4nDfwJXKjCNrQUc5fjg5XrplZfbLP-vL8qSfZqkO-axs6Vgqy671c6SGttHYV3mHNpfZp3uXpZ3ged-I3s39RxZgfoGKIO3ukW-xcn0Ig5uShk.ZKi-V-trm89FRDk8vQkLKBuSSzde6s2lt737T6UBdBM&dib_tag=se&keywords=%E6%89%8B%E6%9C%BA&qid=1769655088&sr=8-15
B0D2JB6HP5,,Visit the Motorola Store,2026-01-29T10:51:28.014779,"With our most advanced low-light features on the 50MP camera, it’s easy to capture sharp and bright photos at night. Get power for the day by charging 50% of your battery in just 15 minutes.¹ Enjoy a beautifully curved design featuring vegan leather. Access anything with one touch of the Quick Button—plus get 256GB of storage3, Snapdragon® performance, and a cinematic pOLED display. Day or night, motorola edge is just right.",https://m.media-amazon.com/images/I/81Vo6cSAWbL._AC_UY218_.jpg,"CNY2,082..97",B0D2JB6HP5,4.3,"2,082","8,058",amazon,Motorola Edge | 2024 | Unlocked | Made for US 8/256GB | 50MP Camera | Midnight Blue,https://www.amazon.com/Motorola-Unlocked-256GB-Camera-Midnight/dp/B0D2JB6HP5/ref=sr_1_16?dib=eyJ2IjoiMSJ9.4qwLDU-8J9D7EPt8AWZ6HQyecx0xcxZGLtZyHBXKnIRoaWC6Jp_y4Nd1Aol6pW4EYVKnLUWWyyyvhO_F0u-_I1HmIlxVaHoRtGep4aQMKEU3Darqe62EIjur0a3lO4nDfwJXKjCNrQUc5fjg5XrplZfbLP-vL8qSfZqkO-axs6Vgqy671c6SGttHYV3mHNpfZp3uXpZ3ged-I3s39RxZgfoGKIO3ukW-xcn0Ig5uShk.ZKi-V-trm89FRDk8vQkLKBuSSzde6s2lt737T6UBdBM&dib_tag=se&keywords=%E6%89%8B%E6%9C%BA&qid=1769655088&sr=8-16
